{"v":"4.12.0","fr":30,"ip":0,"op":220,"w":1500,"h":1500,"nm":"Logo","ddd":0,"assets":[],"layers":[{"ddd":0,"ind":1,"ty":4,"nm":"Shape Layer 7","sr":1,"ks":{"o":{"a":0,"k":100,"ix":11},"r":{"a":0,"k":0,"ix":10},"p":{"a":0,"k":[750,750,0],"ix":2},"a":{"a":0,"k":[0,0,0],"ix":1},"s":{"a":0,"k":[100,100,100],"ix":6}},"ao":0,"shapes":[{"ty":"gr","it":[{"ind":0,"ty":"sh","ix":1,"ks":{"a":0,"k":{"i":[[178,-250],[-212,186],[0,0]],"o":[[-178,250],[212,-186],[0,0]],"v":[[-294,-8],[244,56],[224,-180]],"c":false},"ix":2},"nm":"Path 1","mn":"ADBE Vector Shape - Group","hd":false},{"ty":"st","c":{"a":0,"k":[0,0.192,0.675,1],"ix":3},"o":{"a":0,"k":100,"ix":4},"w":{"a":0,"k":10,"ix":5},"lc":2,"lj":1,"ml":4,"nm":"Stroke 1","mn":"ADBE Vector Graphic - Stroke","hd":false},{"ty":"tr","p":{"a":0,"k":[0,0],"ix":2},"a":{"a":0,"k":[0,0],"ix":1},"s":{"a":0,"k":[100,100],"ix":3},"r":{"a":0,"k":0,"ix":6},"o":{"a":0,"k":100,"ix":7},"sk":{"a":0,"k":0,"ix":4},"sa":{"a":0,"k":0,"ix":5},"nm":"Transform"}],"nm":"Shape 1","np":3,"cix":2,"ix":1,"mn":"ADBE Vector Group","hd":false},{"ty":"tm","s":{"a":1,"k":[{"i":{"x":[0],"y":[1]},"o":{"x":[1],"y":[0]},"n":["0_1_1_0"],"t":60,"s":[100],"e":[0]},{"i":{"x":[0],"y":[1]},"o":{"x":[0.167],"y":[0]},"n":["0_1_0p167_0"],"t":95,"s":[0],"e":[0]},{"i":{"x":[0],"y":[1]},"o":{"x":[1],"y":[0]},"n":["0_1_1_0"],"t":171,"s":[0],"e":[100]},{"t":195}],"ix":1},"e":{"a":1,"k":[{"i":{"x":[0],"y":[1]},"o":{"x":[1],"y":[0]},"n":["0_1_1_0"],"t":73,"s":[100],"e":[0]},{"i":{"x":[0],"y":[1]},"o":{"x":[0.167],"y":[0]},"n":["0_1_0p167_0"],"t":105,"s":[0],"e":[0]},{"i":{"x":[0],"y":[1]},"o":{"x":[1],"y":[0]},"n":["0_1_1_0"],"t":150,"s":[0],"e":[100]},{"t":186}],"ix":2},"o":{"a":0,"k":0,"ix":3},"m":1,"ix":2,"nm":"Trim Paths 1","mn":"ADBE Vector Filter - Trim","hd":false}],"ip":60,"op":965,"st":60,"bm":0},{"ddd":0,"ind":2,"ty":4,"nm":"Shape Layer 6","sr":1,"ks":{"o":{"a":0,"k":100,"ix":11},"r":{"a":0,"k":0,"ix":10},"p":{"a":0,"k":[750,750,0],"ix":2},"a":{"a":0,"k":[0,0,0],"ix":1},"s":{"a":0,"k":[100,100,100],"ix":6}},"ao":0,"hasMask":true,"masksProperties":[{"inv":true,"mode":"a","pt":{"a":0,"k":{"i":[[0,0],[28,-33],[0,0],[0,0],[0,0],[25,63]],"o":[[0,0],[-28,33],[0,0],[0,0],[0,0],[-25,-63]],"v":[[189,-217.5],[-274.5,-70],[-292,30.5],[-234,119.5],[-97,55.5],[269,-111.5]],"c":true},"ix":1},"o":{"a":0,"k":100,"ix":3},"x":{"a":0,"k":0,"ix":4},"nm":"Mask 1"}],"shapes":[{"ty":"gr","it":[{"ind":0,"ty":"sh","ix":1,"ks":{"a":0,"k":{"i":[[178,-250],[-212,186],[0,0]],"o":[[-178,250],[212,-186],[0,0]],"v":[[-294,-8],[244,56],[224,-180]],"c":false},"ix":2},"nm":"Path 1","mn":"ADBE Vector Shape - Group","hd":false},{"ty":"st","c":{"a":0,"k":[1,0.686,0.188,1],"ix":3},"o":{"a":0,"k":100,"ix":4},"w":{"a":0,"k":10,"ix":5},"lc":2,"lj":1,"ml":4,"nm":"Stroke 1","mn":"ADBE Vector Graphic - Stroke","hd":false},{"ty":"tr","p":{"a":0,"k":[0,0],"ix":2},"a":{"a":0,"k":[0,0],"ix":1},"s":{"a":0,"k":[100,100],"ix":3},"r":{"a":0,"k":0,"ix":6},"o":{"a":0,"k":100,"ix":7},"sk":{"a":0,"k":0,"ix":4},"sa":{"a":0,"k":0,"ix":5},"nm":"Transform"}],"nm":"Shape 1","np":3,"cix":2,"ix":1,"mn":"ADBE Vector Group","hd":false},{"ty":"tm","s":{"a":1,"k":[{"i":{"x":[0],"y":[1]},"o":{"x":[1],"y":[0]},"n":["0_1_1_0"],"t":54,"s":[100],"e":[0]},{"i":{"x":[0],"y":[1]},"o":{"x":[0.167],"y":[0]},"n":["0_1_0p167_0"],"t":89,"s":[0],"e":[0]},{"i":{"x":[0],"y":[1]},"o":{"x":[1],"y":[0]},"n":["0_1_1_0"],"t":165,"s":[0],"e":[100]},{"t":189}],"ix":1},"e":{"a":1,"k":[{"i":{"x":[0],"y":[1]},"o":{"x":[1],"y":[0]},"n":["0_1_1_0"],"t":67,"s":[100],"e":[0]},{"i":{"x":[0],"y":[1]},"o":{"x":[0.167],"y":[0]},"n":["0_1_0p167_0"],"t":99,"s":[0],"e":[0]},{"i":{"x":[0],"y":[1]},"o":{"x":[1],"y":[0]},"n":["0_1_1_0"],"t":144,"s":[0],"e":[100]},{"t":180}],"ix":2},"o":{"a":0,"k":0,"ix":3},"m":1,"ix":2,"nm":"Trim Paths 1","mn":"ADBE Vector Filter - Trim","hd":false}],"ip":54,"op":959,"st":54,"bm":0},{"ddd":0,"ind":4,"ty":4,"nm":"Shape Layer 2","sr":1,"ks":{"o":{"a":0,"k":100,"ix":11},"r":{"a":0,"k":0,"ix":10},"p":{"a":0,"k":[750,750,0],"ix":2},"a":{"a":0,"k":[0,0,0],"ix":1},"s":{"a":0,"k":[100,100,100],"ix":6}},"ao":0,"hasMask":true,"masksProperties":[{"inv":false,"mode":"a","pt":{"a":0,"k":{"i":[[161.819,0],[0,-157.401],[-161.819,0],[0,157.401]],"o":[[-161.819,0],[0,157.401],[161.819,0],[0,-157.401]],"v":[[-1,-286],[-294,-1],[-1,284],[292,-1]],"c":true},"ix":1},"o":{"a":0,"k":100,"ix":3},"x":{"a":0,"k":0,"ix":4},"nm":"Mask 1"}],"shapes":[{"ty":"gr","it":[{"d":1,"ty":"el","s":{"a":0,"k":[586,570],"ix":2},"p":{"a":0,"k":[0,0],"ix":3},"nm":"Ellipse Path 1","mn":"ADBE Vector Shape - Ellipse","hd":false},{"ty":"st","c":{"a":0,"k":[0,0.192,0.675,1],"ix":3},"o":{"a":0,"k":100,"ix":4},"w":{"a":0,"k":10,"ix":5},"lc":1,"lj":1,"ml":4,"nm":"Stroke 1","mn":"ADBE Vector Graphic - Stroke","hd":false},{"ty":"tr","p":{"a":0,"k":[-1,-1],"ix":2},"a":{"a":0,"k":[0,0],"ix":1},"s":{"a":0,"k":[100,100],"ix":3},"r":{"a":0,"k":0,"ix":6},"o":{"a":0,"k":100,"ix":7},"sk":{"a":0,"k":0,"ix":4},"sa":{"a":0,"k":0,"ix":5},"nm":"Transform"}],"nm":"Ellipse 1","np":3,"cix":2,"ix":1,"mn":"ADBE Vector Group","hd":false},{"ty":"tm","s":{"a":0,"k":0,"ix":1},"e":{"a":1,"k":[{"i":{"x":[0.222],"y":[1]},"o":{"x":[1],"y":[0]},"n":["0p222_1_1_0"],"t":0,"s":[0],"e":[100]},{"i":{"x":[0.222],"y":[1]},"o":{"x":[0.333],"y":[0]},"n":["0p222_1_0p333_0"],"t":60,"s":[100],"e":[100]},{"i":{"x":[0],"y":[1]},"o":{"x":[1],"y":[0]},"n":["0_1_1_0"],"t":145,"s":[100],"e":[0]},{"t":205}],"ix":2},"o":{"a":1,"k":[{"i":{"x":[0],"y":[1]},"o":{"x":[1],"y":[0]},"n":["0_1_1_0"],"t":0,"s":[180],"e":[405]},{"i":{"x":[0],"y":[1]},"o":{"x":[0.167],"y":[0]},"n":["0_1_0p167_0"],"t":60,"s":[405],"e":[405]},{"i":{"x":[0],"y":[1]},"o":{"x":[1],"y":[0]},"n":["0_1_1_0"],"t":145,"s":[405],"e":[180]},{"t":205}],"ix":3},"m":1,"ix":2,"nm":"Trim Paths 1","mn":"ADBE Vector Filter - Trim","hd":false}],"ip":0,"op":905,"st":0,"bm":0},{"ddd":0,"ind":5,"ty":4,"nm":"Shape Layer 5","sr":1,"ks":{"o":{"a":0,"k":100,"ix":11},"r":{"a":0,"k":0,"ix":10},"p":{"a":0,"k":[750,750,0],"ix":2},"a":{"a":0,"k":[0,0,0],"ix":1},"s":{"a":0,"k":[100,100,100],"ix":6}},"ao":0,"hasMask":true,"masksProperties":[{"inv":false,"mode":"a","pt":{"a":0,"k":{"i":[[161.819,0],[0,-157.401],[-161.819,0],[0,157.401]],"o":[[-161.819,0],[0,157.401],[161.819,0],[0,-157.401]],"v":[[-1,-286],[-294,-1],[-1,284],[292,-1]],"c":true},"ix":1},"o":{"a":0,"k":100,"ix":3},"x":{"a":0,"k":0,"ix":4},"nm":"Mask 1"}],"shapes":[{"ty":"gr","it":[{"d":1,"ty":"el","s":{"a":0,"k":[586,570],"ix":2},"p":{"a":0,"k":[0,0],"ix":3},"nm":"Ellipse Path 1","mn":"ADBE Vector Shape - Ellipse","hd":false},{"ty":"st","c":{"a":0,"k":[1,0.686,0.188,1],"ix":3},"o":{"a":0,"k":100,"ix":4},"w":{"a":0,"k":10,"ix":5},"lc":1,"lj":1,"ml":4,"nm":"Stroke 1","mn":"ADBE Vector Graphic - Stroke","hd":false},{"ty":"tr","p":{"a":0,"k":[-1,-1],"ix":2},"a":{"a":0,"k":[0,0],"ix":1},"s":{"a":0,"k":[100,100],"ix":3},"r":{"a":0,"k":0,"ix":6},"o":{"a":0,"k":100,"ix":7},"sk":{"a":0,"k":0,"ix":4},"sa":{"a":0,"k":0,"ix":5},"nm":"Transform"}],"nm":"Ellipse 1","np":3,"cix":2,"ix":1,"mn":"ADBE Vector Group","hd":false},{"ty":"tm","s":{"a":0,"k":0,"ix":1},"e":{"a":1,"k":[{"i":{"x":[0.222],"y":[1]},"o":{"x":[1],"y":[0]},"n":["0p222_1_1_0"],"t":5,"s":[0],"e":[100]},{"i":{"x":[0.222],"y":[1]},"o":{"x":[0.333],"y":[0]},"n":["0p222_1_0p333_0"],"t":65,"s":[100],"e":[100]},{"i":{"x":[0],"y":[1]},"o":{"x":[1],"y":[0]},"n":["0_1_1_0"],"t":150,"s":[100],"e":[0]},{"t":210}],"ix":2},"o":{"a":1,"k":[{"i":{"x":[0],"y":[1]},"o":{"x":[1],"y":[0]},"n":["0_1_1_0"],"t":5,"s":[180],"e":[405]},{"i":{"x":[0],"y":[1]},"o":{"x":[0.167],"y":[0]},"n":["0_1_0p167_0"],"t":65,"s":[405],"e":[405]},{"i":{"x":[0],"y":[1]},"o":{"x":[1],"y":[0]},"n":["0_1_1_0"],"t":150,"s":[405],"e":[180]},{"t":210}],"ix":3},"m":1,"ix":2,"nm":"Trim Paths 1","mn":"ADBE Vector Filter - Trim","hd":false}],"ip":5,"op":910,"st":5,"bm":0},{"ddd":0,"ind":6,"ty":4,"nm":"Shape Layer 1","td":1,"sr":1,"ks":{"o":{"a":0,"k":100,"ix":11},"r":{"a":0,"k":0,"ix":10},"p":{"a":0,"k":[750,750,0],"ix":2},"a":{"a":0,"k":[0,0,0],"ix":1},"s":{"a":0,"k":[100,100,100],"ix":6}},"ao":0,"shapes":[{"ty":"gr","it":[{"d":1,"ty":"el","s":{"a":0,"k":[586,570],"ix":2},"p":{"a":0,"k":[0,0],"ix":3},"nm":"Ellipse Path 1","mn":"ADBE Vector Shape - Ellipse","hd":false},{"ty":"fl","c":{"a":0,"k":[0,0.192,0.675,1],"ix":4},"o":{"a":0,"k":100,"ix":5},"r":1,"nm":"Fill 1","mn":"ADBE Vector Graphic - Fill","hd":false},{"ty":"tr","p":{"a":0,"k":[-1,-1],"ix":2},"a":{"a":0,"k":[0,0],"ix":1},"s":{"a":0,"k":[100,100],"ix":3},"r":{"a":0,"k":0,"ix":6},"o":{"a":0,"k":100,"ix":7},"sk":{"a":0,"k":0,"ix":4},"sa":{"a":0,"k":0,"ix":5},"nm":"Transform"}],"nm":"Ellipse 1","np":3,"cix":2,"ix":1,"mn":"ADBE Vector Group","hd":false}],"ip":0,"op":905,"st":0,"bm":0},{"ddd":0,"ind":7,"ty":4,"nm":"Map Outlines","tt":1,"sr":1,"ks":{"o":{"a":0,"k":100,"ix":11},"r":{"a":0,"k":0,"ix":10},"p":{"a":1,"k":[{"i":{"x":0,"y":1},"o":{"x":1,"y":0},"n":"0_1_1_0","t":63,"s":[1089,484,0],"e":[787,730,0],"to":[-50.3333320617676,41,0],"ti":[0,0,0]},{"i":{"x":0,"y":0},"o":{"x":0.167,"y":0.167},"n":"0_0_0p167_0p167","t":90,"s":[787,730,0],"e":[787,730,0],"to":[0,0,0],"ti":[0,0,0]},{"i":{"x":0,"y":1},"o":{"x":1,"y":0},"n":"0_1_1_0","t":155,"s":[787,730,0],"e":[1089,484,0],"to":[0,0,0],"ti":[-50.3333320617676,41,0]},{"t":195}],"ix":2},"a":{"a":0,"k":[231.844,124.599,0],"ix":1},"s":{"a":0,"k":[217.398,217.398,100],"ix":6}},"ao":0,"shapes":[{"ty":"gr","it":[{"ind":0,"ty":"sh","ix":1,"ks":{"a":0,"k":{"i":[[-18.879,-38.814],[0,0],[0,0],[0,0],[0,0],[0,0],[0,0],[0,0],[0,0],[0,0],[0,0],[0,0],[0,0],[0,0],[0,0],[0,0],[0,0],[0,0],[0,0],[0,0],[0,0],[0,0],[0,0],[0,0],[0,0],[0,0],[0,0],[0,0],[0,0],[0,0],[0,0],[0,0],[0,0],[0,0],[0,0],[0,0],[0,0],[-12.05,0]],"o":[[0,0],[0,0],[0,0],[0,0],[0,0],[0,0],[0,0],[0,0],[0,0],[0,0],[0,0],[0,0],[0,0],[0,0],[0,0],[0,0],[0,0],[0,0],[0,0],[0,0],[0,0],[0,0],[0,0],[0,0],[0,0],[0,0],[0,0],[0,0],[0,0],[0,0],[0,0],[0,0],[0,0],[0,0],[0,0],[0,0],[11.06,-3.161],[47.201,0]],"v":[[90.156,-39.905],[53.387,-51.267],[64.776,-35.486],[78.768,-29.503],[53.058,-10.57],[20.503,-41.167],[43.941,1.111],[58.258,1.111],[30.282,38.328],[30.282,73.982],[5.546,105.539],[-14.648,105.539],[-37.429,53.468],[-37.429,16.569],[-72.251,16.569],[-90.157,3.312],[-90.157,-29.184],[-64.12,-54.424],[-27.338,-58.842],[-27.338,-47.803],[21.164,-52.206],[21.164,-62.943],[7.488,-62.943],[7.488,-71.462],[32.553,-78.401],[17.903,-92.601],[-7.161,-68.301],[-23.108,-85.658],[-22.451,-70.502],[-27.667,-69.244],[-39.7,-81.864],[-57.278,-65.463],[-71.923,-65.463],[-71.923,-84.082],[-52.715,-84.082],[-52.715,-99.221],[-51.417,-100.479],[-16.919,-105.539]],"c":true},"ix":2},"nm":"Path 1","mn":"ADBE Vector Shape - Group","hd":false},{"ind":1,"ty":"sh","ix":2,"ks":{"a":0,"k":{"i":[[0,0],[0,0],[0,0],[0,0]],"o":[[0,0],[0,0],[0,0],[0,0]],"v":[[42.968,83.126],[53.387,56.004],[63.149,64.825],[54.689,87.545]],"c":true},"ix":2},"nm":"Path 2","mn":"ADBE Vector Shape - Group","hd":false},{"ty":"mm","mm":1,"nm":"Merge Paths 1","mn":"ADBE Vector Filter - Merge","hd":false},{"ty":"fl","c":{"a":0,"k":[1,0.686,0.188,1],"ix":4},"o":{"a":0,"k":100,"ix":5},"r":1,"nm":"Fill 1","mn":"ADBE Vector Graphic - Fill","hd":false},{"ty":"tr","p":{"a":0,"k":[231.844,124.599],"ix":2},"a":{"a":0,"k":[0,0],"ix":1},"s":{"a":0,"k":[100,100],"ix":3},"r":{"a":0,"k":0,"ix":6},"o":{"a":0,"k":100,"ix":7},"sk":{"a":0,"k":0,"ix":4},"sa":{"a":0,"k":0,"ix":5},"nm":"Transform"}],"nm":"Group 1","np":4,"cix":2,"ix":1,"mn":"ADBE Vector Group","hd":false}],"ip":63,"op":968,"st":63,"bm":0},{"ddd":0,"ind":8,"ty":4,"nm":"Shape Layer 3","sr":1,"ks":{"o":{"a":0,"k":100,"ix":11},"r":{"a":0,"k":0,"ix":10},"p":{"a":0,"k":[750,750,0],"ix":2},"a":{"a":0,"k":[0,0,0],"ix":1},"s":{"a":0,"k":[100,100,100],"ix":6}},"ao":0,"hasMask":true,"masksProperties":[{"inv":false,"mode":"a","pt":{"a":0,"k":{"i":[[161.819,0],[0,-157.401],[-161.819,0],[0,157.401]],"o":[[-161.819,0],[0,157.401],[161.819,0],[0,-157.401]],"v":[[-1,-286],[-294,-1],[-1,284],[292,-1]],"c":true},"ix":1},"o":{"a":0,"k":100,"ix":3},"x":{"a":0,"k":0,"ix":4},"nm":"Mask 1"}],"shapes":[{"ty":"gr","it":[{"d":1,"ty":"el","s":{"a":0,"k":[586,570],"ix":2},"p":{"a":0,"k":[0,0],"ix":3},"nm":"Ellipse Path 1","mn":"ADBE Vector Shape - Ellipse","hd":false},{"ty":"st","c":{"a":0,"k":[0,0.192,0.675,1],"ix":3},"o":{"a":0,"k":100,"ix":4},"w":{"a":1,"k":[{"i":{"x":[0],"y":[1]},"o":{"x":[1],"y":[0]},"n":["0_1_1_0"],"t":0,"s":[10],"e":[10]},{"i":{"x":[0],"y":[1]},"o":{"x":[1],"y":[0]},"n":["0_1_1_0"],"t":60,"s":[10],"e":[570]},{"i":{"x":[0],"y":[1]},"o":{"x":[0.167],"y":[0]},"n":["0_1_0p167_0"],"t":75,"s":[570],"e":[570]},{"i":{"x":[0],"y":[1]},"o":{"x":[1],"y":[0]},"n":["0_1_1_0"],"t":150,"s":[570],"e":[0]},{"t":180}],"ix":5},"lc":1,"lj":1,"ml":4,"nm":"Stroke 1","mn":"ADBE Vector Graphic - Stroke","hd":false},{"ty":"tr","p":{"a":0,"k":[-1,-1],"ix":2},"a":{"a":0,"k":[0,0],"ix":1},"s":{"a":0,"k":[100,100],"ix":3},"r":{"a":0,"k":0,"ix":6},"o":{"a":0,"k":100,"ix":7},"sk":{"a":0,"k":0,"ix":4},"sa":{"a":0,"k":0,"ix":5},"nm":"Transform"}],"nm":"Ellipse 1","np":3,"cix":2,"ix":1,"mn":"ADBE Vector Group","hd":false},{"ty":"tm","s":{"a":0,"k":0,"ix":1},"e":{"a":1,"k":[{"i":{"x":[0.222],"y":[1]},"o":{"x":[1],"y":[0]},"n":["0p222_1_1_0"],"t":0,"s":[0],"e":[100]},{"t":60}],"ix":2},"o":{"a":1,"k":[{"i":{"x":[0],"y":[1]},"o":{"x":[1],"y":[0]},"n":["0_1_1_0"],"t":0,"s":[180],"e":[405]},{"t":60}],"ix":3},"m":1,"ix":2,"nm":"Trim Paths 1","mn":"ADBE Vector Filter - Trim","hd":false}],"ip":0,"op":905,"st":0,"bm":0}]}